image_size,batch,is_validation,predicted_flops,predicted_memory_bytes,predicted_bytes_moved,latency_s,memory_bytes,energy_j,energy_repeats,status,measured_memory_mib,formula_memory_mib,memory_difference_mib,predicted_latency_s,predicted_energy_j,dominant_regime
32,1,False,18450432.0,4214544.0,4542624.0,0.0006956335000722902,18763776,0.019925281358306898,500,OK,17.89453125,4.0193023681640625,13.875228881835938,0.00045357235479261555,0.0005744000933872441,launch-bound
32,2,True,36900864.0,4267792.0,4923952.0,0.0005070189999969443,18874368,0.025697986756625598,500,OK,18.0,4.0700836181640625,13.929916381835938,0.0004588345301553597,0.00114880018515177,launch-bound
32,4,False,73801728.0,4374288.0,5686608.0,0.0004996044999643345,19095552,0.028612578406969884,500,OK,18.2109375,4.1716461181640625,14.039291381835938,0.00046987682373251166,0.002297600368682696,launch-bound
32,8,False,147603456.0,4587280.0,7211920.0,0.0005212760001995775,19537920,0.03134104898877795,500,OK,18.6328125,4.3747711181640625,14.258041381835938,0.0004942696269175051,0.004595200735752904,launch-bound
32,16,True,295206912.0,5013264.0,10262544.0,0.0004868989999522455,14843904,0.03017823459947557,500,OK,14.15625,4.7810211181640625,9.375228881835938,0.0005430552332874917,0.009190401469893318,launch-bound
32,32,False,590413824.0,5865232.0,16363792.0,0.0005902959999275481,15958016,0.03669791863426189,500,OK,15.21875,5.5935211181640625,9.625228881835938,0.0006406264460274653,0.018380802938174148,launch-bound
32,64,False,1180827648.0,7569168.0,28566288.0,0.0007273594997059263,18448384,0.0584932777582124,500,OK,17.59375,7.2185211181640625,10.375228881835938,0.0008405769055261868,0.03676160587475321,memory-bound
32,128,False,2361655296.0,10977040.0,52971280.0,0.002104932500060386,60129280,0.15406422256614632,238,OK,57.34375,10.468521118164062,46.87522888183594,0.0012722968096201528,0.0735232117480265,memory-bound
32,148,True,2730663936.0,12042000.0,60597840.0,0.0023334035001880693,67076096,0.1739069140448228,215,OK,63.96875,11.484146118164062,52.48460388183594,0.0014072092796495177,0.08501121358342441,memory-bound
32,198,True,3653185536.0,14704400.0,79664240.0,0.003185718500162693,83468288,0.2512572036508942,157,OK,79.6015625,14.023208618164062,65.57835388183594,0.001744490454722929,0.11373121817191918,memory-bound
32,237,True,4372752384.0,16781072.0,94536032.0,0.0040712119998715934,97808384,0.28122670253079884,123,OK,93.27734375,16.003677368164062,77.27366638183594,0.0020075697712801893,0.13613282175094507,memory-bound
32,256,False,4723310592.0,17792784.0,101781264.0,0.004508066499738561,103669760,0.30608194919661386,111,OK,98.8671875,16.968521118164062,81.89866638183594,0.0021357366178080856,0.14704642349457311,memory-bound
64,1,False,72861696.0,4374288.0,5660832.0,0.000534717499931503,23207936,0.034861229238904834,500,OK,22.1328125,4.1716461181640625,17.961166381835938,0.00046952112514192805,0.0022683352291419288,launch-bound
64,2,False,145723392.0,4587280.0,7160368.0,0.0005409074997260177,23773184,0.03641667899596573,500,OK,22.671875,4.3747711181640625,18.297103881835938,0.0004935582297363378,0.004536670456671369,launch-bound
64,4,True,291446784.0,5013264.0,10159440.0,0.0005174670000087644,24903680,0.042777722822268036,500,OK,23.75,4.7810211181640625,18.968978881835938,0.0005416324389251571,0.009073340911730248,launch-bound
64,8,True,582893568.0,5865232.0,16157584.0,0.0007471090000308322,17793536,0.05576764593349772,500,OK,16.96923828125,5.5935211181640625,11.375717163085938,0.0006377808573027957,0.018146681821848008,launch-bound
64,16,False,1165787136.0,7569168.0,28153872.0,0.0006772044998797355,19497472,0.05704539460191336,500,OK,18.59423828125,7.2185211181640625,11.375717163085938,0.0008348857280768481,0.03629336364210093,launch-bound
64,32,True,2331574272.0,10977040.0,52146448.0,0.0008837400000629714,23429120,0.06638511742136508,500,OK,22.34375,10.468521118164062,11.875228881835938,0.0012609144547214754,0.07258672728272195,memory-bound
64,64,False,4663148544.0,17792784.0,100131600.0,0.0012356904999251128,32210944,0.11600787756967786,405,OK,30.71875,16.968521118164062,13.750228881835938,0.00211297190801073,0.145173454563964,memory-bound
64,128,False,9326297088.0,31424272.0,196101904.0,0.005489554999712709,76644352,0.35897149460934114,92,OK,73.09375,29.968521118164062,43.12522888183594,0.0038193017227742803,0.2903469091264561,memory-bound
64,148,False,10783531008.0,35684112.0,226092624.0,0.006390178500168986,86999040,0.4141834613741809,79,OK,82.96875,34.03102111816406,48.93772888183594,0.004353314174036918,0.3357136136772377,memory-bound
64,198,True,14426615808.0,46333712.0,301069424.0,0.008634455000219532,110231552,0.5684552504393218,58,OK,105.125,44.18727111816406,60.93772888183594,0.005688345302193514,0.4491303750541917,memory-bound
64,237,False,17268221952.0,54640400.0,359551328.0,0.010227359500277089,131170304,0.6726271308634922,49,OK,125.09375,52.10914611816406,72.98460388183594,0.006729669582155657,0.5375954489282159,memory-bound
64,256,False,18652594176.0,58687248.0,388042512.0,0.010705895499995677,138272768,0.7150876363963,47,OK,131.8671875,55.96852111816406,75.89866638183594,0.007236981410855162,0.5806938182514585,memory-bound
112,1,False,222492672.0,4813584.0,8735904.0,0.0006483269999080221,23512064,0.03682420357466344,500,OK,22.4228515625,4.5905914306640625,17.832260131835938,0.0005188531105868717,0.006926656852487121,launch-bound
112,2,True,444985344.0,5465872.0,13310512.0,0.0005785335001746716,24381440,0.04039139939693034,500,OK,23.251953125,5.2126617431640625,18.039291381835938,0.000592222200626225,0.013853313703361753,launch-bound
112,4,True,889970688.0,6770448.0,22459728.0,0.0005261010001049726,18698752,0.03627582563409085,500,OK,17.83251953125,6.4568023681640625,11.375717163085938,0.000739002799455287,0.02770662740511117,launch-bound
112,8,True,1779941376.0,9379600.0,40758160.0,0.000726302999737527,20553728,0.06398205501142833,500,OK,19.6015625,8.945083618164062,10.656478881835938,0.0010592571468585963,0.055413254808706625,memory-bound
112,16,True,3559882752.0,14597904.0,77355024.0,0.0010250635002648778,28131328,0.09191319280209528,488,OK,26.828125,13.921646118164062,12.906478881835938,0.0017096572922849715,0.11082650961593334,memory-bound
112,32,False,7119765504.0,25034512.0,150548752.0,0.0018681715000639088,41025536,0.18569615270720377,268,OK,39.125,23.874771118164062,15.250228881835938,0.0030104576768874825,0.22165301923038677,memory-bound
112,64,False,14239531008.0,45907728.0,296936208.0,0.00550675600015893,68321280,0.3415007297398715,91,OK,65.15625,43.78102111816406,21.375228881835938,0.005619293319081568,0.4433060384593198,memory-bound
112,128,False,28479062016.0,87654160.0,589711120.0,0.016207501500048238,205824000,1.1011898145043297,31,OK,196.2890625,83.59352111816406,112.69554138183594,0.01083696460346974,0.8866120769171859,memory-bound
112,148,True,32928915456.0,100699920.0,681203280.0,0.019328311499975825,249126912,1.288118331044927,26,OK,237.5859375,96.03492736816406,141.55101013183594,0.012467486879841042,1.025145213935269,memory-bound
112,198,True,44053549056.0,133314320.0,909933680.0,0.025883567500159188,321247232,1.7066623451818057,20,OK,306.365234375,127.13844299316406,179.22679138183594,0.016543792570769295,1.371478056480477,memory-bound
112,237,True,52730763264.0,158753552.0,1088343392.0,0.030455372500227895,371340288,2.0361041284140264,17,OK,354.1376953125,151.39918518066406,202.73851013183594,0.019723311009693344,1.641617673665739,memory-bound
112,256,True,56958124032.0,171147024.0,1175260944.0,0.032095217999767556,396533760,2.1768723001011137,16,OK,378.1640625,163.21852111816406,214.94554138183594,0.021272307172246083,1.773224153832918,memory-bound
128,1,True,290506752.0,5013264.0,10133664.0,0.0010011905001192645,24068096,0.03613494415655502,500,OK,22.953125,4.7810211181640625,18.172103881835938,0.0005412767403345733,0.00904407577218948,launch-bound
128,2,True,581013504.0,5865232.0,16106032.0,0.0005286969999360736,17794048,0.036364906238280544,500,OK,16.9697265625,5.5935211181640625,11.376205444335938,0.0006370694601216285,0.01808815154276647,launch-bound
128,4,True,1162027008.0,7569168.0,28050768.0,0.0008575694998853578,19497984,0.04119973464917877,500,OK,18.5947265625,7.2185211181640625,11.376205444335938,0.0008334629337145134,0.03617630308393786,launch-bound
128,8,False,2324054016.0,10977040.0,51940240.0,0.0008354869999038783,23429120,0.07217011897511774,500,OK,22.34375,10.468521118164062,11.875228881835938,0.001258068865996806,0.0723526061663958,memory-bound
128,16,True,4648108032.0,17792784.0,99719184.0,0.0012361909998617193,32210944,0.10402703250412804,405,OK,30.71875,16.968521118164062,13.750228881835938,0.0021072807305613913,0.1447052123313117,memory-bound
128,32,False,9296216064.0,31424272.0,195277072.0,0.0022693925002386095,49381376,0.2067273869215739,221,OK,47.09375,29.968521118164062,17.125228881835938,0.0038079193678756023,0.28941042466115147,memory-bound
128,64,False,18592432128.0,58687248.0,386392848.0,0.0062647545000800164,119316480,0.4014898346471097,80,OK,113.7890625,55.96852111816406,57.82054138183594,0.007214216701057807,0.5788208493208492,memory-bound
128,128,True,37184864256.0,113213200.0,768624400.0,0.016853224500209762,223518720,1.174649901396044,30,OK,213.1640625,107.96852111816406,105.19554138183594,0.01402681136742222,1.1576416986402447,memory-bound
128,148,False,42994999296.0,130252560.0,888071760.0,0.019850930000075095,269058048,1.336296804331996,26,OK,256.59375,124.21852111816406,132.37522888183594,0.0161557472006611,1.338523214052556,memory-bound
128,198,False,57520336896.0,172850960.0,1186690160.0,0.026674770499766964,349536256,1.8034618908807822,19,OK,333.34375,164.84352111816406,168.50022888183594,0.021478086783758295,1.7907270025833337,memory-bound
128,237,True,68850100224.0,206077712.0,1419612512.0,0.03177284549997239,404103168,2.151186543520351,16,OK,385.3828125,196.53102111816406,188.85179138183594,0.025629511658574113,2.1434459576373404,memory-bound
128,256,True,74369728512.0,222265104.0,1533087504.0,0.03342484449967742,431923200,2.2501297941212686,15,OK,411.9140625,211.96852111816406,199.94554138183594,0.027652000700151048,2.315283397279036,memory-bound
144,1,False,367589376.0,5239568.0,11717792.0,0.0007267574999332282,24224768,0.04483257519273957,500,OK,23.1025390625,4.9968414306640625,18.105697631835938,0.0005666901873819687,0.011443817214518821,launch-bound
144,2,True,735178752.0,6317840.0,19274288.0,0.0005318519999946147,18246656,0.0361352720261746,500,OK,17.4013671875,6.0251617431640625,11.376205444335938,0.000687896354216419,0.022887634427425155,launch-bound
144,4,True,1470357504.0,8474384.0,34387280.0,0.0005927104998590949,21435392,0.04159781114853009,500,OK,20.4423828125,8.081802368164062,12.360580444335938,0.0009461229078928324,0.04577526885329506,memory-bound
144,8,True,2940715008.0,12787472.0,64613264.0,0.0009910505000334524,25378816,0.08330157281182196,500,OK,24.203125,12.195083618164062,12.008041381835938,0.001483388814353444,0.09155053770511021,memory-bound
144,16,False,5881430016.0,21413648.0,125065232.0,0.0018337440001232608,36290560,0.15148549489474342,273,OK,34.609375,20.421646118164062,14.187728881835938,0.002557920627274667,0.18310107540874052,memory-bound
144,32,False,11762860032.0,38666000.0,245969168.0,0.0038486354999349714,58851328,0.2853483971841157,130,OK,56.125,36.87477111816406,19.250228881835938,0.004711709284328806,0.3662021508160182,memory-bound
144,64,False,23525720064.0,73170704.0,487777040.0,0.0073153804999037675,130195456,0.4915105383721411,69,OK,124.1640625,69.78102111816406,54.38304138183594,0.009021796533964217,0.7324043016305827,memory-bound
144,128,False,47051440128.0,142180112.0,971392784.0,0.021900925999943865,243572736,1.5171378455280513,23,OK,232.2890625,135.59352111816406,96.69554138183594,0.017641971033235032,1.4648086032597116,memory-bound
144,148,True,54403227648.0,163745552.0,1122522704.0,0.025406559999964884,292904960,1.7239142524403455,20,OK,279.3359375,156.15992736816406,123.17601013183594,0.020335775564257166,1.6936849475188145,memory-bound
144,198,False,72782696448.0,217659152.0,1500347504.0,0.03498785149986361,379639808,2.3532233812643586,15,OK,362.052734375,207.57594299316406,154.47679138183594,0.02707028689181248,2.2658758081665713,memory-bound
144,237,True,87118682112.0,259711760.0,1795050848.0,0.041266835000214996,441234432,2.8091921324928246,13,OK,420.7939453125,247.68043518066406,173.11351013183594,0.03232320572730564,2.712184679471822,memory-bound
144,256,True,94102880256.0,280198928.0,1938624272.0,0.04431383399992228,473079808,3.04700421346763,12,OK,451.1640625,267.21852111816406,183.94554138183594,0.03488232003177667,2.9296172065179698,memory-bound
224,1,False,889030656.0,6770448.0,22433952.0,0.0005307705000632268,18699776,0.03840688711929738,500,OK,17.83349609375,6.4568023681640625,11.376693725585938,0.0007386471008647034,0.027677362265570403,launch-bound
224,2,True,1778061312.0,9379600.0,40706608.0,0.0006030695001300046,21308928,0.05116929834710668,500,OK,20.32177734375,8.945083618164062,11.376693725585938,0.001058545749677429,0.05535472452962509,memory-bound
224,4,False,3556122624.0,14597904.0,77251920.0,0.0010035105001406919,28131328,0.08836026032339092,499,OK,26.828125,13.921646118164062,12.906478881835938,0.001708234497922637,0.11070944905777026,memory-bound
224,8,False,7112245248.0,25034512.0,150342544.0,0.0019648284999220778,41025536,0.16731217809135715,255,OK,39.125,23.874771118164062,15.250228881835938,0.003007612088162813,0.22141889811406062,memory-bound
224,16,False,14224490496.0,45907728.0,296523792.0,0.004812912000033975,68321280,0.3191872462949844,104,OK,65.15625,43.78102111816406,21.375228881835938,0.005613602141632228,0.4428377962266675,memory-bound
224,32,False,28448980992.0,87654160.0,588886288.0,0.009066183999948407,174673920,0.6147888543175444,56,OK,166.58203125,83.59352111816406,82.98851013183594,0.01082558224857106,0.8856755924518813,memory-bound
224,64,False,56897961984.0,171147024.0,1173611280.0,0.017119847499998286,335904768,1.1732545797762208,30,OK,320.34375,163.21852111816406,157.12522888183594,0.021249542462448732,1.771351184902309,memory-bound
224,128,True,113795923968.0,338132752.0,2343061264.0,0.05127740049988461,655458304,3.4263019063869913,10,OK,625.09375,322.46852111816406,302.62522888183594,0.04209746289020405,3.542702369803164,memory-bound
224,148,True,131576537088.0,390315792.0,2708514384.0,0.0609001289999469,791957504,4.217176166546601,9,OK,755.26953125,372.23414611816406,383.03538513183594,0.04861243802387758,4.096249615084681,memory-bound
224,198,True,176028069888.0,520773392.0,3622147184.0,0.08508439150000413,1035147264,5.6616089655165345,6,OK,987.193359375,496.64820861816406,490.54515075683594,0.06489987585806145,5.480117728288474,memory-bound
224,237,True,210700265472.0,622530320.0,4334780768.0,0.1013496790001227,1207865344,7.225259903808256,5,OK,1151.91015625,593.6911773681641,558.2189788818359,0.07760407736872485,6.559534856587432,memory-bound
224,256,True,227591847936.0,672104208.0,4681961232.0,0.10839711850007916,1292992512,7.462693866082932,5,OK,1233.09375,640.9685211181641,592.1252288818359,0.08379330374571471,7.085404739604875,memory-bound
256,1,False,1161086976.0,7569168.0,28024992.0,0.0005474970000705071,19499008,0.039130393498669216,500,OK,18.595703125,7.2185211181640625,11.377182006835938,0.0008331072351239297,0.03614703794439709,launch-bound
256,2,True,2322173952.0,10977040.0,51888688.0,0.0008879680001427914,24346624,0.05685962524919939,500,OK,23.21875,10.468521118164062,12.750228881835938,0.0012573574688156386,0.07229407588731428,memory-bound
256,4,True,4644347904.0,17792784.0,99616080.0,0.0012567675000809686,32210944,0.10566609248892105,398,OK,30.71875,16.968521118164062,13.750228881835938,0.0021058579361990567,0.14458815177314863,memory-bound
256,8,True,9288695808.0,31424272.0,195070864.0,0.002807316500138768,49381376,0.20635695493758333,179,OK,47.09375,29.968521118164062,17.125228881835938,0.003805073779150933,0.2891763035448254,memory-bound
256,16,True,18577391616.0,58687248.0,385980432.0,0.005877014499901634,119316480,0.38482458384555396,86,OK,113.7890625,55.96852111816406,57.82054138183594,0.0072085255236084686,0.578352607088197,memory-bound
256,32,False,37154783232.0,113213200.0,767799568.0,0.011151355500260252,223518720,0.7517689137381972,45,OK,213.1640625,107.96852111816406,105.19554138183594,0.01401542901252354,1.1567052141749403,memory-bound
256,64,False,74309566464.0,222265104.0,1531437840.0,0.022463239000217072,431923200,1.5037492995420272,23,OK,411.9140625,211.96852111816406,199.94554138183594,0.027629235990353693,2.3134104283484267,memory-bound
256,128,False,148619132928.0,440368912.0,3058714384.0,0.06581849949998286,848732160,4.498086942132508,8,OK,809.4140625,419.96852111816406,389.44554138183594,0.054856849946013975,4.6268208566954,memory-bound
256,148,False,171840872448.0,508526352.0,3535988304.0,0.07884232849983164,1030848512,5.356394614072763,7,OK,983.09375,484.96852111816406,498.12522888183594,0.06336547930715783,5.349761615553829,memory-bound
256,198,True,229895221248.0,678919952.0,4729173104.0,0.1073081900001398,1348042752,7.042886018455353,5,OK,1285.59375,647.4685211181641,638.1252288818359,0.08463705271001741,7.157113512699902,memory-bound
256,237,False,275177613312.0,811826960.0,5659857248.0,0.12898877649990936,1572438016,8.706261591995297,5,OK,1499.59375,774.2185211181641,725.3752288818359,0.10122887996424793,8.566847992473837,memory-bound
256,256,True,297238265856.0,876576528.0,6113267472.0,0.1387535445001049,1683062784,9.392719551674286,5,OK,1605.09375,835.9685211181641,769.1252288818359,0.10931207785733456,9.253641713389346,memory-bound
384,1,True,2612054016.0,11829008.0,57843872.0,0.0007833120000668714,24412160,0.0660810748906166,500,OK,23.28125,11.281021118164062,12.000228881835938,0.0013632718194924894,0.08131864156490158,memory-bound
384,2,True,5224108032.0,19496720.0,111526448.0,0.001304357999970307,33783808,0.12212926075066925,384,OK,32.21875,18.593521118164062,13.625228881835938,0.002317686637552759,0.16263728312832326,memory-bound
384,4,False,10448216064.0,34832144.0,218891600.0,0.002770707499848868,54493184,0.22761575567343056,181,OK,51.96875,33.21852111816406,18.750228881835938,0.004229912416223818,0.3252745662551789,memory-bound
384,8,True,20896432128.0,65502992.0,433621904.0,0.006961677999925087,94470144,0.46192316807856376,72,OK,90.09375,62.46852111816406,27.625228881835938,0.008058202797754242,0.6505491325089041,memory-bound
384,16,True,41792864256.0,126844688.0,863082512.0,0.012975806999975248,227639296,0.8783512513300306,39,OK,217.09375,120.96852111816406,96.12522888183594,0.01571478356081509,1.3010982650163545,memory-bound
384,32,False,83585728512.0,249528080.0,1722003728.0,0.025623930499932612,436260864,1.7282702638100182,20,OK,416.05078125,237.96852111816406,178.08226013183594,0.03102794508693677,2.602196530031255,memory-bound
384,64,True,167171457024.0,494894864.0,3439846160.0,0.05099748150018968,857407488,3.4834685303532127,10,OK,817.6875,471.96852111816406,345.71897888183594,0.061654268139180166,5.204393060061056,memory-bound
384,128,False,334342914048.0,985628432.0,6875531024.0,0.15062338049983737,1699840000,10.448520538390207,5,OK,1621.09375,939.9685211181641,681.1252288818359,0.12290691424366694,10.40878612012066,memory-bound
384,148,True,386583994368.0,1138982672.0,7949182544.0,0.17803687049990913,2058977280,11.921736250961107,5,OK,1963.59375,1086.218521118164,877.3752288818359,0.14204836615131905,12.035158951389285,memory-bound
384,198,True,517186695168.0,1522368272.0,10633311344.0,0.24003781249984968,2700007424,16.107103056213283,5,OK,2574.927734375,1451.843521118164,1123.084213256836,0.18990199592044932,16.10109102956085,memory-bound
384,237,True,619056801792.0,1821409040.0,12726931808.0,0.28514585149991944,3158640640,18.983248299117932,5,OK,3012.314453125,1737.031021118164,1275.283432006836,0.22722782714037093,19.272518050534668,memory-bound
384,256,False,668685828096.0,1967095568.0,13746900752.0,0.3038765329999933,3384287232,19.63315303263951,5,OK,3227.5078125,1875.968521118164,1351.539291381836,0.24541220645264047,20.817572240239866,memory-bound
464,1,True,3813636096.0,15356688.0,82537632.0,0.001066853999873274,29006848,0.09473683337476431,469,OK,27.6630859375,14.645278930664062,13.017807006835938,0.0018023143659227031,0.11872637581313185,memory-bound
464,2,True,7627272192.0,26552080.0,160913968.0,0.0021676829999250913,43911168,0.17396051985113514,231,OK,41.876953125,25.322036743164062,16.554916381835938,0.0031962978425913247,0.23745275162478569,memory-bound
464,4,True,15254544384.0,48942864.0,317666640.0,0.005311843499839597,74035200,0.3420942395417576,95,OK,70.60546875,46.67555236816406,23.929916381835938,0.005990973650489251,0.47490550324811764,memory-bound
464,8,False,30509088768.0,93724432.0,631171984.0,0.01015900600009445,132055040,0.6826855789585586,50,OK,125.9375,89.38258361816406,36.55491638183594,0.011580325266285107,0.9498110064947817,memory-bound
464,16,False,61018177536.0,183287568.0,1258182672.0,0.0183620800000881,315209728,1.2487114120410812,28,OK,300.607421875,174.79664611816406,125.81077575683594,0.022759028497876817,1.8996220129881096,memory-bound
464,32,False,122036355072.0,362413840.0,2512204048.0,0.03698601349992714,615010304,2.508031313961357,14,OK,586.51953125,345.62477111816406,240.89476013183594,0.045116434961060235,3.7992440259747653,memory-bound
464,64,True,244072710144.0,720666384.0,5020246800.0,0.07386474800000542,1214316544,4.989569862308199,7,OK,1158.0625,687.2810211181641,470.78147888183594,0.08983124788742708,7.598488051948077,memory-bound
464,128,False,488145420288.0,1437171472.0,10036332304.0,0.21983133599997018,2411683840,14.884057316930841,5,OK,2299.9609375,1370.593521118164,929.3674163818359,0.17926087374016078,15.1969761038947,memory-bound
464,148,False,564418142208.0,1661079312.0,11603859024.0,0.2623036685001807,2917941248,17.670879827914302,5,OK,2782.765625,1584.128677368164,1198.636947631836,0.20720763181914,17.571503620128023,memory-bound
464,198,False,755099947008.0,2220848912.0,15522675824.0,0.35811649800007217,3831937024,23.870587851712337,5,OK,3654.419921875,2117.966567993164,1536.453353881836,0.2770745270165882,23.507822410711324,memory-bound
464,237,True,903831754752.0,2657469200.0,18579352928.0,0.42860277199997654,4485468160,28.460031412628506,5,OK,4277.67578125,2534.360122680664,1743.315658569336,0.3315707052705978,28.138151067366294,memory-bound
464,256,True,976290840576.0,2870181648.0,20068503312.0,0.45439145099999223,4807991296,30.359011307642174,5,OK,4585.2578125,2737.218521118164,1848.039291381836,0.3581201254456282,30.393952207787947,memory-bound
496,1,True,4357748736.0,16954128.0,93719712.0,0.00126742599991303,31694848,0.10091944969240257,395,OK,30.2265625,16.168716430664062,14.057846069335938,0.0020011260850609134,0.13566572717082104,memory-bound
496,2,False,8715497472.0,29746960.0,183278128.0,0.0021858150000753085,48220160,0.20942236694239086,229,OK,45.986328125,28.368911743164062,17.617416381835938,0.0035950286880853844,0.2713314543401681,memory-bound
496,4,True,17430994944.0,55332624.0,362394960.0,0.006232952999880581,81420288,0.39376823665006666,81,OK,77.6484375,52.76930236816406,24.879135131835938,0.006788435341477372,0.5426629086788824,memory-bound
496,8,True,34861989888.0,106503952.0,720628624.0,0.01164618699976927,148594688,0.7906979017719774,43,OK,141.7109375,101.57008361816406,40.14085388183594,0.013175248648261348,1.0853258173563112,memory-bound
496,16,True,69723979776.0,208846608.0,1437095952.0,0.021044749999873602,361955328,1.4492689593733818,24,OK,345.1875,199.17164611816406,146.01585388183594,0.025948875261829298,2.1706516347111684,memory-bound
496,32,False,139447959552.0,413531920.0,2870030608.0,0.0419506475000162,706084864,2.877557067863568,12,OK,673.375,394.37477111816406,279.00022888183594,0.0514961284889652,4.341303269420883,memory-bound
496,64,True,278895919104.0,822902544.0,5735899920.0,0.08488302149999072,1396342784,5.729769843718127,6,OK,1331.65625,784.7810211181641,546.8752288818359,0.102590634943237,8.682606538840313,memory-bound
496,128,False,557791838208.0,1641643792.0,11467638544.0,0.25971151149974503,2776866816,17.61647471767297,5,OK,2648.2265625,1565.593521118164,1082.633041381836,0.20477964785178063,17.365213077679172,memory-bound
496,148,False,644946812928.0,1897500432.0,13258806864.0,0.304122540499975,3361689600,21.359039130744915,5,OK,3205.95703125,1809.597427368164,1396.359603881836,0.23671371438570052,20.078527621066314,memory-bound
496,198,False,862834249728.0,2537142032.0,17736727664.0,0.4176051944998562,4416110592,27.91555310405281,5,OK,4211.53125,2419.607192993164,1791.924057006836,0.31654888072050014,26.861813979534173,memory-bound
496,237,True,1032786450432.0,3036062480.0,21229505888.0,0.49790102749966536,5167949824,33.6151061550877,5,OK,4928.541015625,2895.414810180664,2033.126205444336,0.378820310461644,32.15277733913911,memory-bound
496,256,False,1115583676416.0,3279126288.0,22931115792.0,0.5320100745002492,5539667968,35.46903992575937,5,OK,5283.0390625,3127.218521118164,2155.820541381836,0.4091576736688679,34.73042615535689,memory-bound
512,1,False,4643407872.0,17792784.0,99590304.0,0.0015611320000061824,32210944,0.10374481735725621,321,OK,30.71875,16.968521118164062,13.750228881835938,0.0021055022376084732,0.14455888663360786,memory-bound
512,2,False,9286815744.0,31424272.0,195019312.0,0.002448349500355107,49381376,0.1995533362616471,205,OK,47.09375,29.968521118164062,17.125228881835938,0.003804362381969766,0.2891177732657438,memory-bound
512,4,True,18573631488.0,58687248.0,385877328.0,0.006229510500361357,85032960,0.3846068026255931,81,OK,81.09375,55.96852111816406,25.125228881835938,0.007207102729246134,0.5782355465300338,memory-bound
512,8,True,37147262976.0,113213200.0,767593360.0,0.011864128999604873,156336128,0.7870239556338835,43,OK,149.09375,107.96852111816406,41.12522888183594,0.014012583423798873,1.156471093058614,memory-bound
512,16,True,74294525952.0,222265104.0,1531025424.0,0.021501388499927998,399734784,1.3929813161550133,24,OK,381.216796875,211.96852111816406,169.24827575683594,0.027623544812904355,2.3129421861157744,memory-bound
512,32,True,148589051904.0,440368912.0,3057889552.0,0.04327396350026902,784355328,2.9177201166124225,12,OK,748.01953125,419.96852111816406,328.05101013183594,0.054845467591115304,4.625884372230095,memory-bound
512,64,True,297178103808.0,876576528.0,6111617808.0,0.08741933500004961,1553596416,5.911089297013032,6,OK,1481.625,835.9685211181641,645.6564788818359,0.10928931314753719,9.251768744458737,memory-bound
512,128,True,594356207616.0,1748991760.0,12219074320.0,0.26352421950014104,3092348928,17.86054730889783,5,OK,2949.09375,1667.968521118164,1281.125228881836,0.218177004260381,18.50353748891602,memory-bound
512,148,True,687224365056.0,2021621520.0,14127654480.0,0.3127814364997903,3748757504,21.331457405604446,5,OK,3575.09375,1927.968521118164,1647.125228881836,0.2522044077331448,21.394715221558922,memory-bound
512,198,False,919394758656.0,2703195920.0,18899104880.0,0.42535514149994924,4921065472,28.446674193710642,5,OK,4693.09375,2577.968521118164,2115.125228881836,0.337272916415054,28.622659553166176,memory-bound
512,237,True,1100487665664.0,3234823952.0,22620836192.0,0.5052549159995579,5757829120,33.91241957793193,5,OK,5491.09375,3084.968521118164,2406.125228881836,0.4036263531869431,34.260456131819836,memory-bound
512,256,False,1188712415232.0,3493822224.0,24433987344.0,0.5395323205002569,6169042944,35.861141187776454,5,OK,5883.2578125,3331.968521118164,2551.289291381836,0.4359523864860686,37.007074977830584,memory-bound
